"model","yhat","lower","upper","subba","forecast_label","method","time"
"LM",16345.3378583631,14557.8499143618,18132.8258023644,"PGAE","2024-07-08","model6",2024-07-08
"LM",17151.7406303527,15364.2526863514,18939.2285743539,"PGAE","2024-07-08","model6",2024-07-08 01:00:00
"LM",18081.9732572363,16294.485313235,19869.4612012375,"PGAE","2024-07-08","model6",2024-07-08 02:00:00
"LM",18797.3182268714,17009.8302828701,20584.8061708726,"PGAE","2024-07-08","model6",2024-07-08 03:00:00
"LM",18943.5323092161,17156.0443652148,20731.0202532174,"PGAE","2024-07-08","model6",2024-07-08 04:00:00
"LM",18508.5107197317,16721.0227757305,20295.998663733,"PGAE","2024-07-08","model6",2024-07-08 05:00:00
"LM",17807.9568459588,16020.4689019576,19595.4447899601,"PGAE","2024-07-08","model6",2024-07-08 06:00:00
"LM",16605.5744793099,14818.0865353087,18393.0624233112,"PGAE","2024-07-08","model6",2024-07-08 07:00:00
"LM",15498.2608990307,13710.7729550295,17285.748843032,"PGAE","2024-07-08","model6",2024-07-08 08:00:00
"LM",14532.238755765,12744.7508117637,16319.7266997663,"PGAE","2024-07-08","model6",2024-07-08 09:00:00
"LM",13728.9546509265,11941.4667069252,15516.4425949277,"PGAE","2024-07-08","model6",2024-07-08 10:00:00
"LM",13055.1120841974,11267.6241401961,14842.6000281987,"PGAE","2024-07-08","model6",2024-07-08 11:00:00
"LM",12660.8121513735,10873.3242073723,14448.3000953748,"PGAE","2024-07-08","model6",2024-07-08 12:00:00
"LM",12417.3784084418,10629.8904644405,14204.866352443,"PGAE","2024-07-08","model6",2024-07-08 13:00:00
"LM",12262.9292251298,10475.4412811286,14050.4171691311,"PGAE","2024-07-08","model6",2024-07-08 14:00:00
"LM",12287.6749111559,10500.1869671547,14075.1628551572,"PGAE","2024-07-08","model6",2024-07-08 15:00:00
"LM",13192.7644273962,11405.2764833949,14980.2523713974,"PGAE","2024-07-08","model6",2024-07-08 16:00:00
"LM",13476.1295873435,11688.6416433422,15263.6175313448,"PGAE","2024-07-08","model6",2024-07-08 17:00:00
"LM",13080.4047232813,11292.9167792801,14867.8926672826,"PGAE","2024-07-08","model6",2024-07-08 18:00:00
"LM",13049.8038478019,11262.3159038007,14837.2917918032,"PGAE","2024-07-08","model6",2024-07-08 19:00:00
"LM",13255.9696269364,11468.4816829352,15043.4575709377,"PGAE","2024-07-08","model6",2024-07-08 20:00:00
"LM",13491.72451423,11704.2365702287,15279.2124582312,"PGAE","2024-07-08","model6",2024-07-08 21:00:00
"LM",14150.2972326471,12362.8092886459,15937.7851766484,"PGAE","2024-07-08","model6",2024-07-08 22:00:00
"LM",14760.7837357304,12973.2957917291,16548.2716797316,"PGAE","2024-07-08","model6",2024-07-08 23:00:00
"GLMNET",16910.6533922692,15675.5469559543,18145.759828584,"SCE","2024-07-08","model18",2024-07-08
"GLMNET",17624.4061008376,16389.2996645228,18859.5125371524,"SCE","2024-07-08","model18",2024-07-08 01:00:00
"GLMNET",18014.7511886026,16779.6447522877,19249.8576249174,"SCE","2024-07-08","model18",2024-07-08 02:00:00
"GLMNET",18008.3543701714,16773.2479338565,19243.4608064862,"SCE","2024-07-08","model18",2024-07-08 03:00:00
"GLMNET",17680.2315069698,16445.125070655,18915.3379432846,"SCE","2024-07-08","model18",2024-07-08 04:00:00
"GLMNET",16969.9058770032,15734.7994406883,18205.012313318,"SCE","2024-07-08","model18",2024-07-08 05:00:00
"GLMNET",16340.0134297919,15104.9069934771,17575.1198661068,"SCE","2024-07-08","model18",2024-07-08 06:00:00
"GLMNET",15453.7736623802,14218.6672260654,16688.8800986951,"SCE","2024-07-08","model18",2024-07-08 07:00:00
"GLMNET",14598.0942346335,13362.9877983187,15833.2006709483,"SCE","2024-07-08","model18",2024-07-08 08:00:00
"GLMNET",13686.9670678439,12451.8606315291,14922.0735041588,"SCE","2024-07-08","model18",2024-07-08 09:00:00
"GLMNET",12927.0705273361,11691.9640910213,14162.1769636509,"SCE","2024-07-08","model18",2024-07-08 10:00:00
"GLMNET",12264.0222259013,11028.9157895865,13499.1286622162,"SCE","2024-07-08","model18",2024-07-08 11:00:00
"GLMNET",11891.9937350587,10656.8872987439,13127.1001713735,"SCE","2024-07-08","model18",2024-07-08 12:00:00
"GLMNET",11626.9280536708,10391.8216173559,12862.0344899856,"SCE","2024-07-08","model18",2024-07-08 13:00:00
"GLMNET",11545.0404783786,10309.9340420638,12780.1469146934,"SCE","2024-07-08","model18",2024-07-08 14:00:00
"GLMNET",11757.5231849624,10522.4167486475,12992.6296212772,"SCE","2024-07-08","model18",2024-07-08 15:00:00
"GLMNET",12970.303557455,11735.1971211402,14205.4099937699,"SCE","2024-07-08","model18",2024-07-08 16:00:00
"GLMNET",14647.197677078,13412.0912407632,15882.3041133929,"SCE","2024-07-08","model18",2024-07-08 17:00:00
"GLMNET",15184.0219417817,13948.9155054669,16419.1283780966,"SCE","2024-07-08","model18",2024-07-08 18:00:00
"GLMNET",14971.1199965552,13736.0135602403,16206.22643287,"SCE","2024-07-08","model18",2024-07-08 19:00:00
"GLMNET",15288.3000268207,14053.1935905058,16523.4064631355,"SCE","2024-07-08","model18",2024-07-08 20:00:00
"GLMNET",15485.4747053639,14250.3682690491,16720.5811416787,"SCE","2024-07-08","model18",2024-07-08 21:00:00
"GLMNET",15660.2347118393,14425.1282755244,16895.3411481541,"SCE","2024-07-08","model18",2024-07-08 22:00:00
"GLMNET",16147.6241176176,14912.5176813028,17382.7305539325,"SCE","2024-07-08","model18",2024-07-08 23:00:00
"LM",1953.33725353307,1738.39112351703,2168.28338354912,"SDGE","2024-07-08","model7",2024-07-08
"LM",2239.79442472337,2024.84829470732,2454.74055473941,"SDGE","2024-07-08","model7",2024-07-08 01:00:00
"LM",2590.54612846202,2375.59999844597,2805.49225847807,"SDGE","2024-07-08","model7",2024-07-08 02:00:00
"LM",2911.65547698652,2696.70934697048,3126.60160700257,"SDGE","2024-07-08","model7",2024-07-08 03:00:00
"LM",2991.94067794443,2776.99454792838,3206.88680796047,"SDGE","2024-07-08","model7",2024-07-08 04:00:00
"LM",2972.87937117652,2757.93324116047,3187.82550119257,"SDGE","2024-07-08","model7",2024-07-08 05:00:00
"LM",2898.71480115916,2683.76867114311,3113.66093117521,"SDGE","2024-07-08","model7",2024-07-08 06:00:00
"LM",2740.17625736249,2525.23012734644,2955.12238737854,"SDGE","2024-07-08","model7",2024-07-08 07:00:00
"LM",2569.15801954779,2354.21188953175,2784.10414956384,"SDGE","2024-07-08","model7",2024-07-08 08:00:00
"LM",2557.20070308269,2342.25457306664,2772.14683309873,"SDGE","2024-07-08","model7",2024-07-08 09:00:00
"LM",2431.76102902011,2216.81489900407,2646.70715903616,"SDGE","2024-07-08","model7",2024-07-08 10:00:00
"LM",2310.07248154714,2095.1263515311,2525.01861156319,"SDGE","2024-07-08","model7",2024-07-08 11:00:00
"LM",2242.19040401657,2027.24427400052,2457.13653403262,"SDGE","2024-07-08","model7",2024-07-08 12:00:00
"LM",2183.69411991619,1968.74798990014,2398.64024993223,"SDGE","2024-07-08","model7",2024-07-08 13:00:00
"LM",2179.95720647229,1965.01107645624,2394.90333648833,"SDGE","2024-07-08","model7",2024-07-08 14:00:00
"LM",2159.24502075644,1944.2988907404,2374.19115077249,"SDGE","2024-07-08","model7",2024-07-08 15:00:00
"LM",2131.92680923133,1916.98067921529,2346.87293924738,"SDGE","2024-07-08","model7",2024-07-08 16:00:00
"LM",2034.22960216618,1819.28347215013,2249.17573218223,"SDGE","2024-07-08","model7",2024-07-08 17:00:00
"LM",1855.14419365205,1640.198063636,2070.09032366809,"SDGE","2024-07-08","model7",2024-07-08 18:00:00
"LM",1694.37809403675,1479.43196402071,1909.3242240528,"SDGE","2024-07-08","model7",2024-07-08 19:00:00
"LM",1594.65426164034,1379.70813162429,1809.60039165639,"SDGE","2024-07-08","model7",2024-07-08 20:00:00
"LM",1544.78545393643,1329.83932392039,1759.73158395248,"SDGE","2024-07-08","model7",2024-07-08 21:00:00
"LM",1584.93552502243,1369.98939500638,1799.88165503847,"SDGE","2024-07-08","model7",2024-07-08 22:00:00
"LM",1691.01865699147,1476.07252697543,1905.96478700752,"SDGE","2024-07-08","model7",2024-07-08 23:00:00
"LM",139.229860795161,84.5111083115032,193.948613278819,"VEA","2024-07-08","model5",2024-07-08
"LM",141.422564683298,86.7038121996397,196.141317166956,"VEA","2024-07-08","model5",2024-07-08 01:00:00
"LM",143.714675556237,88.9959230725786,198.433428039894,"VEA","2024-07-08","model5",2024-07-08 02:00:00
"LM",140.363167829773,85.6444153461148,195.081920313431,"VEA","2024-07-08","model5",2024-07-08 03:00:00
"LM",131.604070041341,76.8853175576828,186.322822524999,"VEA","2024-07-08","model5",2024-07-08 04:00:00
"LM",119.306196572666,64.5874440890082,174.024949056324,"VEA","2024-07-08","model5",2024-07-08 05:00:00
"LM",106.826432532197,52.1076800485387,161.545185015855,"VEA","2024-07-08","model5",2024-07-08 06:00:00
"LM",95.0568433667858,40.3380908831279,149.775595850444,"VEA","2024-07-08","model5",2024-07-08 07:00:00
"LM",84.8290941402483,30.1103416565903,139.547846623906,"VEA","2024-07-08","model5",2024-07-08 08:00:00
"LM",76.7353332139076,22.0165807302497,131.454085697565,"VEA","2024-07-08","model5",2024-07-08 09:00:00
"LM",70.8075845088387,16.0888320251808,125.526336992497,"VEA","2024-07-08","model5",2024-07-08 10:00:00
"LM",66.1723016573959,11.453549173738,120.891054141054,"VEA","2024-07-08","model5",2024-07-08 11:00:00
"LM",63.7184600165179,8.99970753285994,118.437212500176,"VEA","2024-07-08","model5",2024-07-08 12:00:00
"LM",62.0194911527326,7.30073866907468,116.738243636391,"VEA","2024-07-08","model5",2024-07-08 13:00:00
"LM",62.6839028090814,7.96515032542348,117.402655292739,"VEA","2024-07-08","model5",2024-07-08 14:00:00
"LM",68.151741262027,13.4329887783691,122.870493745685,"VEA","2024-07-08","model5",2024-07-08 15:00:00
"LM",165.054987476225,110.336234992567,219.773739959883,"VEA","2024-07-08","model5",2024-07-08 16:00:00
"LM",173.128653596357,118.409901112699,227.847406080015,"VEA","2024-07-08","model5",2024-07-08 17:00:00
"LM",177.485116608659,122.766364125001,232.203869092317,"VEA","2024-07-08","model5",2024-07-08 18:00:00
"LM",170.690311067646,115.971558583988,225.409063551304,"VEA","2024-07-08","model5",2024-07-08 19:00:00
"LM",172.093866935027,117.375114451369,226.812619418685,"VEA","2024-07-08","model5",2024-07-08 20:00:00
"LM",174.342173187616,119.623420703958,229.060925671274,"VEA","2024-07-08","model5",2024-07-08 21:00:00
"LM",162.053216566056,107.334464082398,216.771969049714,"VEA","2024-07-08","model5",2024-07-08 22:00:00
"LM",143.582232044899,88.863479561241,198.300984528557,"VEA","2024-07-08","model5",2024-07-08 23:00:00
"LM",16447.3161319922,14817.0545551112,18077.5777088733,"PGAE","2024-07-14","model6",2024-07-14
"LM",17128.5846057922,15498.3230289112,18758.8461826733,"PGAE","2024-07-14","model6",2024-07-14 01:00:00
"LM",17853.0716337971,16222.810056916,19483.3332106782,"PGAE","2024-07-14","model6",2024-07-14 02:00:00
"LM",18247.7143398347,16617.4527629537,19877.9759167158,"PGAE","2024-07-14","model6",2024-07-14 03:00:00
"LM",18038.3615313479,16408.0999544668,19668.6231082289,"PGAE","2024-07-14","model6",2024-07-14 04:00:00
"LM",17575.4999982718,15945.2384213907,19205.7615751529,"PGAE","2024-07-14","model6",2024-07-14 05:00:00
"LM",16939.5477417773,15309.2861648962,18569.8093186583,"PGAE","2024-07-14","model6",2024-07-14 06:00:00
"LM",15739.8175931363,14109.5560162552,17370.0791700174,"PGAE","2024-07-14","model6",2024-07-14 07:00:00
"LM",14557.5783567835,12927.3167799024,16187.8399336646,"PGAE","2024-07-14","model6",2024-07-14 08:00:00
"LM",13693.3507103196,12063.0891334385,15323.6122872007,"PGAE","2024-07-14","model6",2024-07-14 09:00:00
"LM",12930.7685767345,11300.5069998534,14561.0301536156,"PGAE","2024-07-14","model6",2024-07-14 10:00:00
"LM",12331.8502926491,10701.5887157681,13962.1118695302,"PGAE","2024-07-14","model6",2024-07-14 11:00:00
"LM",11814.2163255363,10183.9547486552,13444.4779024174,"PGAE","2024-07-14","model6",2024-07-14 12:00:00
"LM",11636.9735575813,10006.7119807002,13267.2351344624,"PGAE","2024-07-14","model6",2024-07-14 13:00:00
"LM",11692.6299162981,10062.368339417,13322.8914931791,"PGAE","2024-07-14","model6",2024-07-14 14:00:00
"LM",11891.0177489375,10260.7561720564,13521.2793258185,"PGAE","2024-07-14","model6",2024-07-14 15:00:00
"LM",12247.4877326583,10617.2261557772,13877.7493095394,"PGAE","2024-07-14","model6",2024-07-14 16:00:00
"LM",12700.996571783,11070.7349949019,14331.2581486641,"PGAE","2024-07-14","model6",2024-07-14 17:00:00
"LM",12770.0536943749,11139.7921174938,14400.3152712559,"PGAE","2024-07-14","model6",2024-07-14 18:00:00
"LM",12996.9608577762,11366.6992808952,14627.2224346573,"PGAE","2024-07-14","model6",2024-07-14 19:00:00
"LM",12739.1388181518,11108.8772412707,14369.4003950329,"PGAE","2024-07-14","model6",2024-07-14 20:00:00
"LM",12386.9878787703,10756.7263018893,14017.2494556514,"PGAE","2024-07-14","model6",2024-07-14 21:00:00
"LM",12699.4947788466,11069.2332019655,14329.7563557277,"PGAE","2024-07-14","model6",2024-07-14 22:00:00
"LM",13179.8438742232,11549.5822973421,14810.1054511042,"PGAE","2024-07-14","model6",2024-07-14 23:00:00
"GLMNET",16559.8117053019,14380.712313884,18738.9110967198,"SCE","2024-07-14","model18",2024-07-14
"GLMNET",16452.2674637092,14273.1680722913,18631.3668551271,"SCE","2024-07-14","model18",2024-07-14 01:00:00
"GLMNET",16871.6111352449,14692.511743827,19050.7105266628,"SCE","2024-07-14","model18",2024-07-14 02:00:00
"GLMNET",16499.9923808436,14320.8929894257,18679.0917722615,"SCE","2024-07-14","model18",2024-07-14 03:00:00
"GLMNET",16010.6109983489,13831.511606931,18189.7103897668,"SCE","2024-07-14","model18",2024-07-14 04:00:00
"GLMNET",15769.5524438607,13590.4530524428,17948.6518352787,"SCE","2024-07-14","model18",2024-07-14 05:00:00
"GLMNET",15422.6588216105,13243.5594301926,17601.7582130284,"SCE","2024-07-14","model18",2024-07-14 06:00:00
"GLMNET",14573.8040512216,12394.7046598037,16752.9034426395,"SCE","2024-07-14","model18",2024-07-14 07:00:00
"GLMNET",13531.4583748805,11352.3589834626,15710.5577662984,"SCE","2024-07-14","model18",2024-07-14 08:00:00
"GLMNET",12695.8135611258,10516.7141697079,14874.9129525438,"SCE","2024-07-14","model18",2024-07-14 09:00:00
"GLMNET",11908.7865691926,9729.68717777473,14087.8859606105,"SCE","2024-07-14","model18",2024-07-14 10:00:00
"GLMNET",11467.3867182617,9288.28732684379,13646.4861096796,"SCE","2024-07-14","model18",2024-07-14 11:00:00
"GLMNET",11114.4226363892,8935.32324497132,13293.5220278071,"SCE","2024-07-14","model18",2024-07-14 12:00:00
"GLMNET",10871.6574133307,8692.55802191275,13050.7568047486,"SCE","2024-07-14","model18",2024-07-14 13:00:00
"GLMNET",10760.4031369615,8581.30374554362,12939.5025283794,"SCE","2024-07-14","model18",2024-07-14 14:00:00
"GLMNET",10784.2096867958,8605.11029537794,12963.3090782137,"SCE","2024-07-14","model18",2024-07-14 15:00:00
"GLMNET",11501.6151955794,9322.51580416153,13680.7145869973,"SCE","2024-07-14","model18",2024-07-14 16:00:00
"GLMNET",13062.0913426244,10882.9919512065,15241.1907340423,"SCE","2024-07-14","model18",2024-07-14 17:00:00
"GLMNET",13530.5277409603,11351.4283495424,15709.6271323782,"SCE","2024-07-14","model18",2024-07-14 18:00:00
"GLMNET",13735.7414340539,11556.642042636,15914.8408254718,"SCE","2024-07-14","model18",2024-07-14 19:00:00
"GLMNET",14043.1262634141,11864.0268719962,16222.2256548321,"SCE","2024-07-14","model18",2024-07-14 20:00:00
"GLMNET",14339.867337919,12160.7679465011,16518.9667293369,"SCE","2024-07-14","model18",2024-07-14 21:00:00
"GLMNET",14701.8579613243,12522.7585699064,16880.9573527422,"SCE","2024-07-14","model18",2024-07-14 22:00:00
"GLMNET",15031.629379714,12852.5299882961,17210.7287711319,"SCE","2024-07-14","model18",2024-07-14 23:00:00
"LM",2027.76643637045,1640.54394725782,2414.98892548308,"SDGE","2024-07-14","model7",2024-07-14
"LM",2254.27255248849,1867.05006337586,2641.49504160112,"SDGE","2024-07-14","model7",2024-07-14 01:00:00
"LM",2493.33344448902,2106.11095537639,2880.55593360165,"SDGE","2024-07-14","model7",2024-07-14 02:00:00
"LM",2723.40760848919,2336.18511937656,3110.63009760182,"SDGE","2024-07-14","model7",2024-07-14 03:00:00
"LM",2805.03873989517,2417.81625078254,3192.2612290078,"SDGE","2024-07-14","model7",2024-07-14 04:00:00
"LM",2826.33687666191,2439.11438754928,3213.55936577454,"SDGE","2024-07-14","model7",2024-07-14 05:00:00
"LM",2763.32276833223,2376.1002792196,3150.54525744486,"SDGE","2024-07-14","model7",2024-07-14 06:00:00
"LM",2604.85948765069,2217.63699853806,2992.08197676332,"SDGE","2024-07-14","model7",2024-07-14 07:00:00
"LM",2437.36364729999,2050.14115818736,2824.58613641262,"SDGE","2024-07-14","model7",2024-07-14 08:00:00
"LM",2403.7755282348,2016.55303912217,2790.99801734743,"SDGE","2024-07-14","model7",2024-07-14 09:00:00
"LM",2302.51079081507,1915.28830170244,2689.7332799277,"SDGE","2024-07-14","model7",2024-07-14 10:00:00
"LM",2170.28231766635,1783.05982855372,2557.50480677898,"SDGE","2024-07-14","model7",2024-07-14 11:00:00
"LM",2092.3872081706,1705.16471905797,2479.60969728323,"SDGE","2024-07-14","model7",2024-07-14 12:00:00
"LM",2077.90066040506,1690.67817129243,2465.12314951769,"SDGE","2024-07-14","model7",2024-07-14 13:00:00
"LM",2083.28703543942,1696.06454632679,2470.50952455205,"SDGE","2024-07-14","model7",2024-07-14 14:00:00
"LM",2079.21446717722,1691.99197806459,2466.43695628985,"SDGE","2024-07-14","model7",2024-07-14 15:00:00
"LM",2056.88604373365,1669.66355462102,2444.10853284628,"SDGE","2024-07-14","model7",2024-07-14 16:00:00
"LM",2058.55226273725,1671.32977362462,2445.77475184988,"SDGE","2024-07-14","model7",2024-07-14 17:00:00
"LM",1932.2521190795,1545.02962996687,2319.47460819213,"SDGE","2024-07-14","model7",2024-07-14 18:00:00
"LM",1661.45147250039,1274.22898338776,2048.67396161302,"SDGE","2024-07-14","model7",2024-07-14 19:00:00
"LM",1529.18887882519,1141.96638971256,1916.41136793782,"SDGE","2024-07-14","model7",2024-07-14 20:00:00
"LM",1480.06307286082,1092.84058374819,1867.28556197345,"SDGE","2024-07-14","model7",2024-07-14 21:00:00
"LM",1513.89117320079,1126.66868408816,1901.11366231342,"SDGE","2024-07-14","model7",2024-07-14 22:00:00
"LM",1613.25007901877,1226.02758990614,2000.4725681314,"SDGE","2024-07-14","model7",2024-07-14 23:00:00
"LM",143.17953620615,113.171246760969,173.187825651331,"VEA","2024-07-14","model5",2024-07-14
"LM",155.929586380298,125.921296935117,185.937875825479,"VEA","2024-07-14","model5",2024-07-14 01:00:00
"LM",149.264832874347,119.256543429166,179.273122319528,"VEA","2024-07-14","model5",2024-07-14 02:00:00
"LM",145.496524610221,115.48823516504,175.504814055402,"VEA","2024-07-14","model5",2024-07-14 03:00:00
"LM",133.647325946291,103.63903650111,163.655615391472,"VEA","2024-07-14","model5",2024-07-14 04:00:00
"LM",125.602226358707,95.5939369135261,155.610515803888,"VEA","2024-07-14","model5",2024-07-14 05:00:00
"LM",116.541034589399,86.5327451442182,146.54932403458,"VEA","2024-07-14","model5",2024-07-14 06:00:00
"LM",106.776347783305,76.7680583381245,136.784637228486,"VEA","2024-07-14","model5",2024-07-14 07:00:00
"LM",97.3583334502915,67.3500440051106,127.366622895472,"VEA","2024-07-14","model5",2024-07-14 08:00:00
"LM",89.818524202712,59.810234757531,119.826813647893,"VEA","2024-07-14","model5",2024-07-14 09:00:00
"LM",83.606419976565,53.5981305313841,113.614709421746,"VEA","2024-07-14","model5",2024-07-14 10:00:00
"LM",80.1065110314611,50.0982215862801,110.114800476642,"VEA","2024-07-14","model5",2024-07-14 11:00:00
"LM",76.4860179461465,46.4777285009656,106.494307391327,"VEA","2024-07-14","model5",2024-07-14 12:00:00
"LM",74.7231301979963,44.7148407528154,104.731419643177,"VEA","2024-07-14","model5",2024-07-14 13:00:00
"LM",74.4868980472749,44.4786086020939,104.495187492456,"VEA","2024-07-14","model5",2024-07-14 14:00:00
"LM",79.1159821909562,49.1076927457753,109.124271636137,"VEA","2024-07-14","model5",2024-07-14 15:00:00
"LM",146.261187044073,116.252897598892,176.269476489254,"VEA","2024-07-14","model5",2024-07-14 16:00:00
"LM",174.973737838589,144.965448393408,204.98202728377,"VEA","2024-07-14","model5",2024-07-14 17:00:00
"LM",172.971689397024,142.963399951843,202.979978842205,"VEA","2024-07-14","model5",2024-07-14 18:00:00
"LM",186.768329302667,156.760039857486,216.776618747848,"VEA","2024-07-14","model5",2024-07-14 19:00:00
"LM",193.938866637352,163.930577192171,223.947156082533,"VEA","2024-07-14","model5",2024-07-14 20:00:00
"LM",172.459624820256,142.451335375075,202.467914265437,"VEA","2024-07-14","model5",2024-07-14 21:00:00
"LM",177.03090932055,147.022619875369,207.039198765731,"VEA","2024-07-14","model5",2024-07-14 22:00:00
"LM",145.79932199606,115.791032550879,175.807611441241,"VEA","2024-07-14","model5",2024-07-14 23:00:00
"LM",14562.104506367,11318.3808225986,17805.8281901354,"PGAE","2024-07-15","model6",2024-07-15
"LM",15059.1228180958,11815.3991343274,18302.8465018642,"PGAE","2024-07-15","model6",2024-07-15 01:00:00
"LM",15998.6219494116,12754.8982656432,19242.3456331799,"PGAE","2024-07-15","model6",2024-07-15 02:00:00
"LM",16670.6740941458,13426.9504103774,19914.3977779141,"PGAE","2024-07-15","model6",2024-07-15 03:00:00
"LM",16731.1789141291,13487.4552303607,19974.9025978975,"PGAE","2024-07-15","model6",2024-07-15 04:00:00
"LM",16370.2876104933,13126.563926725,19614.0112942617,"PGAE","2024-07-15","model6",2024-07-15 05:00:00
"LM",15959.0940660874,12715.370382319,19202.8177498558,"PGAE","2024-07-15","model6",2024-07-15 06:00:00
"LM",15027.4171202801,11783.6934365117,18271.1408040485,"PGAE","2024-07-15","model6",2024-07-15 07:00:00
"LM",14025.998282808,10782.2745990397,17269.7219665764,"PGAE","2024-07-15","model6",2024-07-15 08:00:00
"LM",13367.9692267705,10124.2455430021,16611.6929105389,"PGAE","2024-07-15","model6",2024-07-15 09:00:00
"LM",12711.3882576814,9467.66457391305,15955.1119414498,"PGAE","2024-07-15","model6",2024-07-15 10:00:00
"LM",12218.451141484,8974.72745771561,15462.1748252524,"PGAE","2024-07-15","model6",2024-07-15 11:00:00
"LM",12015.3916660217,8771.66798225332,15259.1153497901,"PGAE","2024-07-15","model6",2024-07-15 12:00:00
"LM",11847.267266234,8603.54358246559,15090.9909500024,"PGAE","2024-07-15","model6",2024-07-15 13:00:00
"LM",11764.9889126108,8521.26522884239,15008.7125963792,"PGAE","2024-07-15","model6",2024-07-15 14:00:00
"LM",11764.439192583,8520.71550881459,15008.1628763514,"PGAE","2024-07-15","model6",2024-07-15 15:00:00
"LM",12441.6195248267,9197.89584105829,15685.3432085951,"PGAE","2024-07-15","model6",2024-07-15 16:00:00
"LM",12041.0803443555,8797.35666058712,15284.8040281239,"PGAE","2024-07-15","model6",2024-07-15 17:00:00
"LM",11721.8672324242,8478.14354865577,14965.5909161925,"PGAE","2024-07-15","model6",2024-07-15 18:00:00
"LM",11289.3273147944,8045.60363102603,14533.0509985628,"PGAE","2024-07-15","model6",2024-07-15 19:00:00
"LM",11127.5696353516,7883.84595158317,14371.2933191199,"PGAE","2024-07-15","model6",2024-07-15 20:00:00
"LM",11249.2914896067,8005.56780583831,14493.0151733751,"PGAE","2024-07-15","model6",2024-07-15 21:00:00
"LM",11671.5715257633,8427.84784199494,14915.2952095317,"PGAE","2024-07-15","model6",2024-07-15 22:00:00
"LM",12420.6342123527,9176.91052858436,15664.3578961211,"PGAE","2024-07-15","model6",2024-07-15 23:00:00
"GLMNET",16954.7738445225,16465.8669262625,17443.6807627824,"SCE","2024-07-15","model18",2024-07-15
"GLMNET",17056.7680178614,16567.8610996015,17545.6749361213,"SCE","2024-07-15","model18",2024-07-15 01:00:00
"GLMNET",17167.1058329085,16678.1989146486,17656.0127511684,"SCE","2024-07-15","model18",2024-07-15 02:00:00
"GLMNET",17339.4636421465,16850.5567238866,17828.3705604065,"SCE","2024-07-15","model18",2024-07-15 03:00:00
"GLMNET",17006.7603343879,16517.8534161279,17495.6672526478,"SCE","2024-07-15","model18",2024-07-15 04:00:00
"GLMNET",16564.0740863613,16075.1671681014,17052.9810046212,"SCE","2024-07-15","model18",2024-07-15 05:00:00
"GLMNET",16064.3971654016,15575.4902471417,16553.3040836615,"SCE","2024-07-15","model18",2024-07-15 06:00:00
"GLMNET",15280.6085916387,14791.7016733788,15769.5155098986,"SCE","2024-07-15","model18",2024-07-15 07:00:00
"GLMNET",14257.9894977932,13769.0825795333,14746.8964160531,"SCE","2024-07-15","model18",2024-07-15 08:00:00
"GLMNET",13419.4459947582,12930.5390764983,13908.3529130181,"SCE","2024-07-15","model18",2024-07-15 09:00:00
"GLMNET",12740.2072881123,12251.3003698524,13229.1142063722,"SCE","2024-07-15","model18",2024-07-15 10:00:00
"GLMNET",12158.2381840337,11669.3312657738,12647.1451022936,"SCE","2024-07-15","model18",2024-07-15 11:00:00
"GLMNET",11775.0931753815,11286.1862571215,12264.0000936414,"SCE","2024-07-15","model18",2024-07-15 12:00:00
"GLMNET",11605.8824600817,11116.9755418218,12094.7893783416,"SCE","2024-07-15","model18",2024-07-15 13:00:00
"GLMNET",11517.0370214764,11028.1301032165,12005.9439397363,"SCE","2024-07-15","model18",2024-07-15 14:00:00
"GLMNET",11804.1302442609,11315.223326001,12293.0371625208,"SCE","2024-07-15","model18",2024-07-15 15:00:00
"GLMNET",12157.3348918103,11668.4279735504,12646.2418100702,"SCE","2024-07-15","model18",2024-07-15 16:00:00
"GLMNET",13404.756784056,12915.8498657961,13893.663702316,"SCE","2024-07-15","model18",2024-07-15 17:00:00
"GLMNET",14417.9157419772,13929.0088237173,14906.8226602372,"SCE","2024-07-15","model18",2024-07-15 18:00:00
"GLMNET",14883.6961507854,14394.7892325255,15372.6030690454,"SCE","2024-07-15","model18",2024-07-15 19:00:00
"GLMNET",14844.7256340563,14355.8187157964,15333.6325523162,"SCE","2024-07-15","model18",2024-07-15 20:00:00
"GLMNET",15442.1902709823,14953.2833527224,15931.0971892422,"SCE","2024-07-15","model18",2024-07-15 21:00:00
"GLMNET",15663.3748900388,15174.4679717789,16152.2818082987,"SCE","2024-07-15","model18",2024-07-15 22:00:00
"GLMNET",16040.6124645457,15551.7055462858,16529.5193828056,"SCE","2024-07-15","model18",2024-07-15 23:00:00
"LM",1937.75316366354,1671.81897439819,2203.68735292889,"SDGE","2024-07-15","model7",2024-07-15
"LM",2152.47511466177,1886.54092539642,2418.40930392712,"SDGE","2024-07-15","model7",2024-07-15 01:00:00
"LM",2487.21486453221,2221.28067526686,2753.14905379757,"SDGE","2024-07-15","model7",2024-07-15 02:00:00
"LM",2822.66516775033,2556.73097848498,3088.59935701568,"SDGE","2024-07-15","model7",2024-07-15 03:00:00
"LM",2937.40488490823,2671.47069564288,3203.33907417358,"SDGE","2024-07-15","model7",2024-07-15 04:00:00
"LM",2960.39845434385,2694.4642650785,3226.3326436092,"SDGE","2024-07-15","model7",2024-07-15 05:00:00
"LM",2897.50793551612,2631.57374625077,3163.44212478147,"SDGE","2024-07-15","model7",2024-07-15 06:00:00
"LM",2746.75016071867,2480.81597145332,3012.68434998402,"SDGE","2024-07-15","model7",2024-07-15 07:00:00
"LM",2566.27719630394,2300.34300703859,2832.21138556929,"SDGE","2024-07-15","model7",2024-07-15 08:00:00
"LM",2548.82230636427,2282.88811709892,2814.75649562962,"SDGE","2024-07-15","model7",2024-07-15 09:00:00
"LM",2434.28353755861,2168.34934829326,2700.21772682396,"SDGE","2024-07-15","model7",2024-07-15 10:00:00
"LM",2318.56629711341,2052.63210784806,2584.50048637876,"SDGE","2024-07-15","model7",2024-07-15 11:00:00
"LM",2237.19739187395,1971.2632026086,2503.1315811393,"SDGE","2024-07-15","model7",2024-07-15 12:00:00
"LM",2202.83903656352,1936.90484729817,2468.77322582887,"SDGE","2024-07-15","model7",2024-07-15 13:00:00
"LM",2192.87914095434,1926.94495168899,2458.81333021969,"SDGE","2024-07-15","model7",2024-07-15 14:00:00
"LM",2215.73217731706,1949.7979880517,2481.66636658241,"SDGE","2024-07-15","model7",2024-07-15 15:00:00
"LM",2156.49368597272,1890.55949670737,2422.42787523807,"SDGE","2024-07-15","model7",2024-07-15 16:00:00
"LM",2184.90019427418,1918.96600500883,2450.83438353953,"SDGE","2024-07-15","model7",2024-07-15 17:00:00
"LM",2026.41862959852,1760.48444033317,2292.35281886387,"SDGE","2024-07-15","model7",2024-07-15 18:00:00
"LM",1853.84935661859,1587.91516735324,2119.78354588394,"SDGE","2024-07-15","model7",2024-07-15 19:00:00
"LM",1642.27584943172,1376.34166016637,1908.21003869707,"SDGE","2024-07-15","model7",2024-07-15 20:00:00
"LM",1648.41108558661,1382.47689632126,1914.34527485196,"SDGE","2024-07-15","model7",2024-07-15 21:00:00
"LM",1797.55114295697,1531.61695369162,2063.48533222233,"SDGE","2024-07-15","model7",2024-07-15 22:00:00
"LM",1855.93171136703,1589.99752210168,2121.86590063238,"SDGE","2024-07-15","model7",2024-07-15 23:00:00
"LM",139.335362327542,89.2100143537945,189.46071030129,"VEA","2024-07-15","model5",2024-07-15
"LM",136.129336664878,86.0039886911302,186.254684638626,"VEA","2024-07-15","model5",2024-07-15 01:00:00
"LM",129.778192122189,79.6528441484412,179.903540095937,"VEA","2024-07-15","model5",2024-07-15 02:00:00
"LM",121.637766963268,71.5124189895197,171.763114937015,"VEA","2024-07-15","model5",2024-07-15 03:00:00
"LM",114.923960460862,64.7986124871138,165.04930843461,"VEA","2024-07-15","model5",2024-07-15 04:00:00
"LM",109.62362804928,59.4982800755319,159.748976023028,"VEA","2024-07-15","model5",2024-07-15 05:00:00
"LM",102.730615025672,52.605267051924,152.85596299942,"VEA","2024-07-15","model5",2024-07-15 06:00:00
"LM",95.4418888083416,45.3165408345937,145.567236782089,"VEA","2024-07-15","model5",2024-07-15 07:00:00
"LM",88.0152526239451,37.8899046501972,138.140600597693,"VEA","2024-07-15","model5",2024-07-15 08:00:00
"LM",81.3158257638293,31.1904777900814,131.441173737577,"VEA","2024-07-15","model5",2024-07-15 09:00:00
"LM",76.2530488377104,26.1277008639625,126.378396811458,"VEA","2024-07-15","model5",2024-07-15 10:00:00
"LM",73.3286595116425,23.2033115378947,123.45400748539,"VEA","2024-07-15","model5",2024-07-15 11:00:00
"LM",70.3288156152763,20.2034676415284,120.454163589024,"VEA","2024-07-15","model5",2024-07-15 12:00:00
"LM",69.1841848287108,19.0588368549629,119.309532802459,"VEA","2024-07-15","model5",2024-07-15 13:00:00
"LM",69.3047147751208,19.179366801373,119.430062748869,"VEA","2024-07-15","model5",2024-07-15 14:00:00
"LM",71.9446629551184,21.8193149813705,122.070010928866,"VEA","2024-07-15","model5",2024-07-15 15:00:00
"LM",118.292661223643,68.167313249895,168.418009197391,"VEA","2024-07-15","model5",2024-07-15 16:00:00
"LM",155.189014976799,105.063667003051,205.314362950547,"VEA","2024-07-15","model5",2024-07-15 17:00:00
"LM",165.369148376794,115.243800403046,215.494496350541,"VEA","2024-07-15","model5",2024-07-15 18:00:00
"LM",192.022489530822,141.897141557074,242.14783750457,"VEA","2024-07-15","model5",2024-07-15 19:00:00
"LM",186.485958747861,136.360610774113,236.611306721609,"VEA","2024-07-15","model5",2024-07-15 20:00:00
"LM",170.376913265198,120.25156529145,220.502261238946,"VEA","2024-07-15","model5",2024-07-15 21:00:00
"LM",196.9763789645,146.851030990752,247.101726938248,"VEA","2024-07-15","model5",2024-07-15 22:00:00
"LM",151.509443747845,101.384095774097,201.634791721592,"VEA","2024-07-15","model5",2024-07-15 23:00:00
"LM",13343.6719324193,11542.9043555215,15144.4395093171,"PGAE","2024-07-16","model6",2024-07-16
"LM",14420.2379677499,12619.4703908521,16221.0055446476,"PGAE","2024-07-16","model6",2024-07-16 01:00:00
"LM",15479.0126096001,13678.2450327023,17279.7801864979,"PGAE","2024-07-16","model6",2024-07-16 02:00:00
"LM",16299.038022028,14498.2704451302,18099.8055989258,"PGAE","2024-07-16","model6",2024-07-16 03:00:00
"LM",16512.1619681708,14711.394391273,18312.9295450686,"PGAE","2024-07-16","model6",2024-07-16 04:00:00
"LM",16250.4071177256,14449.6395408278,18051.1746946234,"PGAE","2024-07-16","model6",2024-07-16 05:00:00
"LM",15823.7411953044,14022.9736184066,17624.5087722022,"PGAE","2024-07-16","model6",2024-07-16 06:00:00
"LM",14885.5723661426,13084.8047892448,16686.3399430404,"PGAE","2024-07-16","model6",2024-07-16 07:00:00
"LM",13802.0584214891,12001.2908445913,15602.8259983869,"PGAE","2024-07-16","model6",2024-07-16 08:00:00
"LM",13116.9339132136,11316.1663363158,14917.7014901114,"PGAE","2024-07-16","model6",2024-07-16 09:00:00
"LM",12588.4551811324,10787.6876042346,14389.2227580302,"PGAE","2024-07-16","model6",2024-07-16 10:00:00
"LM",12123.3347157794,10322.5671388816,13924.1022926772,"PGAE","2024-07-16","model6",2024-07-16 11:00:00
"LM",11750.5644217404,9949.79684484263,13551.3319986382,"PGAE","2024-07-16","model6",2024-07-16 12:00:00
"LM",11716.0852109785,9915.31763408066,13516.8527878762,"PGAE","2024-07-16","model6",2024-07-16 13:00:00
"LM",12000.7074006079,10199.9398237101,13801.4749775057,"PGAE","2024-07-16","model6",2024-07-16 14:00:00
"LM",12595.8962086105,10795.1286317127,14396.6637855083,"PGAE","2024-07-16","model6",2024-07-16 15:00:00
"LM",13338.2751014648,11537.507524567,15139.0426783626,"PGAE","2024-07-16","model6",2024-07-16 16:00:00
"LM",13365.8662269297,11565.0986500319,15166.6338038275,"PGAE","2024-07-16","model6",2024-07-16 17:00:00
"LM",13111.3095147763,11310.5419378785,14912.0770916741,"PGAE","2024-07-16","model6",2024-07-16 18:00:00
"LM",13074.2706072429,11273.5030303451,14875.0381841407,"PGAE","2024-07-16","model6",2024-07-16 19:00:00
"LM",12652.5400076379,10851.7724307402,14453.3075845357,"PGAE","2024-07-16","model6",2024-07-16 20:00:00
"LM",12519.3890795884,10718.6215026906,14320.1566564862,"PGAE","2024-07-16","model6",2024-07-16 21:00:00
"LM",12761.9380970996,10961.1705202018,14562.7056739974,"PGAE","2024-07-16","model6",2024-07-16 22:00:00
"LM",13261.5361219161,11460.7685450183,15062.3036988139,"PGAE","2024-07-16","model6",2024-07-16 23:00:00
"GLMNET",16158.9060232921,13664.0423266102,18653.7697199739,"SCE","2024-07-16","model18",2024-07-16
"GLMNET",16574.5060542674,14079.6423575855,19069.3697509492,"SCE","2024-07-16","model18",2024-07-16 01:00:00
"GLMNET",17139.9960810576,14645.1323843758,19634.8597777395,"SCE","2024-07-16","model18",2024-07-16 02:00:00
"GLMNET",17328.4833866371,14833.6196899553,19823.347083319,"SCE","2024-07-16","model18",2024-07-16 03:00:00
"GLMNET",16978.2270661683,14483.3633694864,19473.0907628501,"SCE","2024-07-16","model18",2024-07-16 04:00:00
"GLMNET",16726.1776059229,14231.313909241,19221.0413026047,"SCE","2024-07-16","model18",2024-07-16 05:00:00
"GLMNET",16157.7667517635,13662.9030550817,18652.6304484454,"SCE","2024-07-16","model18",2024-07-16 06:00:00
"GLMNET",15279.4712732637,12784.6075765819,17774.3349699456,"SCE","2024-07-16","model18",2024-07-16 07:00:00
"GLMNET",14322.220925803,11827.3572291212,16817.0846224849,"SCE","2024-07-16","model18",2024-07-16 08:00:00
"GLMNET",13253.6938641914,10758.8301675095,15748.5575608732,"SCE","2024-07-16","model18",2024-07-16 09:00:00
"GLMNET",12544.424856812,10049.5611601302,15039.2885534939,"SCE","2024-07-16","model18",2024-07-16 10:00:00
"GLMNET",12046.7500231963,9551.88632651445,14541.6137198782,"SCE","2024-07-16","model18",2024-07-16 11:00:00
"GLMNET",11691.0704768661,9196.20678018428,14185.934173548,"SCE","2024-07-16","model18",2024-07-16 12:00:00
"GLMNET",11701.7339187875,9206.8702221056,14196.5976154693,"SCE","2024-07-16","model18",2024-07-16 13:00:00
"GLMNET",12102.7483383051,9607.88464162327,14597.612034987,"SCE","2024-07-16","model18",2024-07-16 14:00:00
"GLMNET",12512.6171338627,10017.7534371808,15007.4808305445,"SCE","2024-07-16","model18",2024-07-16 15:00:00
"GLMNET",13523.3757316204,11028.5120349385,16018.2394283022,"SCE","2024-07-16","model18",2024-07-16 16:00:00
"GLMNET",15692.5780002323,13197.7143035505,18187.4416969142,"SCE","2024-07-16","model18",2024-07-16 17:00:00
"GLMNET",16590.3835121834,14095.5198155016,19085.2472088653,"SCE","2024-07-16","model18",2024-07-16 18:00:00
"GLMNET",17395.9939359105,14901.1302392287,19890.8576325924,"SCE","2024-07-16","model18",2024-07-16 19:00:00
"GLMNET",18100.9528164841,15606.0891198023,20595.816513166,"SCE","2024-07-16","model18",2024-07-16 20:00:00
"GLMNET",17820.6186137436,15325.7549170617,20315.4823104254,"SCE","2024-07-16","model18",2024-07-16 21:00:00
"GLMNET",17730.0680814207,15235.2043847389,20224.9317781026,"SCE","2024-07-16","model18",2024-07-16 22:00:00
"GLMNET",17157.0153189573,14662.1516222755,19651.8790156392,"SCE","2024-07-16","model18",2024-07-16 23:00:00
"LM",1972.4907772283,1714.03965919276,2230.94189526385,"SDGE","2024-07-16","model7",2024-07-16
"LM",2197.72576897644,1939.27465094089,2456.17688701198,"SDGE","2024-07-16","model7",2024-07-16 01:00:00
"LM",2539.16384427433,2280.71272623878,2797.61496230987,"SDGE","2024-07-16","model7",2024-07-16 02:00:00
"LM",2861.51108894304,2603.0599709075,3119.96220697858,"SDGE","2024-07-16","model7",2024-07-16 03:00:00
"LM",2983.72170684706,2725.27058881152,3242.17282488261,"SDGE","2024-07-16","model7",2024-07-16 04:00:00
"LM",2990.2606980013,2731.80957996576,3248.71181603685,"SDGE","2024-07-16","model7",2024-07-16 05:00:00
"LM",2936.04462186804,2677.5935038325,3194.49573990358,"SDGE","2024-07-16","model7",2024-07-16 06:00:00
"LM",2778.87445992417,2520.42334188863,3037.32557795972,"SDGE","2024-07-16","model7",2024-07-16 07:00:00
"LM",2599.96290545668,2341.51178742114,2858.41402349222,"SDGE","2024-07-16","model7",2024-07-16 08:00:00
"LM",2556.52108459392,2298.06996655838,2814.97220262947,"SDGE","2024-07-16","model7",2024-07-16 09:00:00
"LM",2465.73289932839,2207.28178129284,2724.18401736393,"SDGE","2024-07-16","model7",2024-07-16 10:00:00
"LM",2363.89165917538,2105.44054113984,2622.34277721092,"SDGE","2024-07-16","model7",2024-07-16 11:00:00
"LM",2271.43946576955,2012.98834773401,2529.89058380509,"SDGE","2024-07-16","model7",2024-07-16 12:00:00
"LM",2280.1639666056,2021.71284857006,2538.61508464115,"SDGE","2024-07-16","model7",2024-07-16 13:00:00
"LM",2313.81205757798,2055.36093954244,2572.26317561352,"SDGE","2024-07-16","model7",2024-07-16 14:00:00
"LM",2363.18119961295,2104.73008157741,2621.63231764849,"SDGE","2024-07-16","model7",2024-07-16 15:00:00
"LM",2444.56894717441,2186.11782913886,2703.02006520995,"SDGE","2024-07-16","model7",2024-07-16 16:00:00
"LM",2421.31640210785,2162.86528407231,2679.76752014339,"SDGE","2024-07-16","model7",2024-07-16 17:00:00
"LM",2305.67603640593,2047.22491837039,2564.12715444147,"SDGE","2024-07-16","model7",2024-07-16 18:00:00
"LM",2073.56935341533,1815.11823537979,2332.02047145087,"SDGE","2024-07-16","model7",2024-07-16 19:00:00
"LM",1840.07159998396,1581.62048194841,2098.5227180195,"SDGE","2024-07-16","model7",2024-07-16 20:00:00
"LM",1800.21276506845,1541.76164703291,2058.66388310399,"SDGE","2024-07-16","model7",2024-07-16 21:00:00
"LM",1841.58281394822,1583.13169591268,2100.03393198376,"SDGE","2024-07-16","model7",2024-07-16 22:00:00
"LM",1946.15098556613,1687.69986753059,2204.60210360168,"SDGE","2024-07-16","model7",2024-07-16 23:00:00
"LM",133.179076923705,101.427133770949,164.931020076461,"VEA","2024-07-16","model5",2024-07-16
"LM",127.458715225288,95.7067720725321,159.210658378044,"VEA","2024-07-16","model5",2024-07-16 01:00:00
"LM",126.989092777738,95.2371496249818,158.741035930494,"VEA","2024-07-16","model5",2024-07-16 02:00:00
"LM",122.07542875649,90.3234856037337,153.827371909246,"VEA","2024-07-16","model5",2024-07-16 03:00:00
"LM",114.609734186862,82.857791034106,146.361677339618,"VEA","2024-07-16","model5",2024-07-16 04:00:00
"LM",108.117799562117,76.3658564093606,139.869742714873,"VEA","2024-07-16","model5",2024-07-16 05:00:00
"LM",99.7683643290558,68.0164211762997,131.520307481812,"VEA","2024-07-16","model5",2024-07-16 06:00:00
"LM",91.2871405459533,59.5351973931972,123.039083698709,"VEA","2024-07-16","model5",2024-07-16 07:00:00
"LM",84.0810653051124,52.3291221523564,115.833008457868,"VEA","2024-07-16","model5",2024-07-16 08:00:00
"LM",77.6482820491621,45.8963388964061,109.400225201918,"VEA","2024-07-16","model5",2024-07-16 09:00:00
"LM",72.5418269237036,40.7898837709475,104.29377007646,"VEA","2024-07-16","model5",2024-07-16 10:00:00
"LM",69.8824993119445,38.1305561591885,101.634442464701,"VEA","2024-07-16","model5",2024-07-16 11:00:00
"LM",67.9887261512245,36.2367829984684,99.7406693039805,"VEA","2024-07-16","model5",2024-07-16 12:00:00
"LM",67.9517674116583,36.1998242589022,99.7037105644143,"VEA","2024-07-16","model5",2024-07-16 13:00:00
"LM",69.1762720137884,37.4243288610324,100.928215166544,"VEA","2024-07-16","model5",2024-07-16 14:00:00
"LM",71.0168807838624,39.2649376311064,102.768823936618,"VEA","2024-07-16","model5",2024-07-16 15:00:00
"LM",140.63436106876,108.882417916004,172.386304221516,"VEA","2024-07-16","model5",2024-07-16 16:00:00
"LM",166.419510850076,134.66756769732,198.171454002832,"VEA","2024-07-16","model5",2024-07-16 17:00:00
"LM",171.640882322403,139.888939169647,203.392825475159,"VEA","2024-07-16","model5",2024-07-16 18:00:00
"LM",186.317654748924,154.565711596168,218.06959790168,"VEA","2024-07-16","model5",2024-07-16 19:00:00
"LM",184.451762266416,152.69981911366,216.203705419172,"VEA","2024-07-16","model5",2024-07-16 20:00:00
"LM",152.776770944589,121.024827791833,184.528714097345,"VEA","2024-07-16","model5",2024-07-16 21:00:00
"LM",169.223272067044,137.471328914288,200.9752152198,"VEA","2024-07-16","model5",2024-07-16 22:00:00
"LM",134.743418590172,102.991475437416,166.495361742928,"VEA","2024-07-16","model5",2024-07-16 23:00:00
"LM",13907.7189644082,12271.5822183696,15543.8557104468,"PGAE","2024-07-17","model6",2024-07-17
"LM",14522.3578637207,12886.2211176821,16158.4946097593,"PGAE","2024-07-17","model6",2024-07-17 01:00:00
"LM",15317.9024632853,13681.7657172467,16954.0392093239,"PGAE","2024-07-17","model6",2024-07-17 02:00:00
"LM",16172.4264695086,14536.2897234699,17808.5632155472,"PGAE","2024-07-17","model6",2024-07-17 03:00:00
"LM",16353.4205280888,14717.2837820501,17989.5572741274,"PGAE","2024-07-17","model6",2024-07-17 04:00:00
"LM",16152.831404517,14516.6946584783,17788.9681505556,"PGAE","2024-07-17","model6",2024-07-17 05:00:00
"LM",15730.0649613624,14093.9282153237,17366.201707401,"PGAE","2024-07-17","model6",2024-07-17 06:00:00
"LM",14815.8472181101,13179.7104720714,16451.9839641487,"PGAE","2024-07-17","model6",2024-07-17 07:00:00
"LM",13764.8397422431,12128.7029962045,15400.9764882818,"PGAE","2024-07-17","model6",2024-07-17 08:00:00
"LM",13077.7624781458,11441.6257321071,14713.8992241844,"PGAE","2024-07-17","model6",2024-07-17 09:00:00
"LM",12441.2285457376,10805.091799699,14077.3652917763,"PGAE","2024-07-17","model6",2024-07-17 10:00:00
"LM",11993.3237603424,10357.1870143038,13629.460506381,"PGAE","2024-07-17","model6",2024-07-17 11:00:00
"LM",11764.8138903174,10128.6771442788,13400.950636356,"PGAE","2024-07-17","model6",2024-07-17 12:00:00
"LM",11744.9464907634,10108.8097447247,13381.083236802,"PGAE","2024-07-17","model6",2024-07-17 13:00:00
"LM",12025.3487919718,10389.2120459331,13661.4855380104,"PGAE","2024-07-17","model6",2024-07-17 14:00:00
"LM",12364.5875050549,10728.4507590163,14000.7242510936,"PGAE","2024-07-17","model6",2024-07-17 15:00:00
"LM",13090.1294195354,11453.9926734968,14726.266165574,"PGAE","2024-07-17","model6",2024-07-17 16:00:00
"LM",12745.8320562463,11109.6953102076,14381.9688022849,"PGAE","2024-07-17","model6",2024-07-17 17:00:00
"LM",12339.8936960491,10703.7569500105,13976.0304420878,"PGAE","2024-07-17","model6",2024-07-17 18:00:00
"LM",11808.6486309794,10172.5118849407,13444.785377018,"PGAE","2024-07-17","model6",2024-07-17 19:00:00
"LM",11487.2207722967,9851.08402625806,13123.3575183353,"PGAE","2024-07-17","model6",2024-07-17 20:00:00
"LM",11230.0349446264,9593.89819858779,12866.1716906651,"PGAE","2024-07-17","model6",2024-07-17 21:00:00
"LM",11463.9461665112,9827.80942047255,13100.0829125498,"PGAE","2024-07-17","model6",2024-07-17 22:00:00
"LM",12019.5603906694,10383.4236446307,13655.697136708,"PGAE","2024-07-17","model6",2024-07-17 23:00:00
"GLMNET",17424.3479003363,16311.9478396159,18536.7479610568,"SCE","2024-07-17","model18",2024-07-17
"GLMNET",17751.2649334743,16638.8648727539,18863.6649941948,"SCE","2024-07-17","model18",2024-07-17 01:00:00
"GLMNET",18135.8995873452,17023.4995266247,19248.2996480656,"SCE","2024-07-17","model18",2024-07-17 02:00:00
"GLMNET",18232.8525520473,17120.4524913269,19345.2526127678,"SCE","2024-07-17","model18",2024-07-17 03:00:00
"GLMNET",18019.5421154548,16907.1420547344,19131.9421761753,"SCE","2024-07-17","model18",2024-07-17 04:00:00
"GLMNET",17593.1072713308,16480.7072106103,18705.5073320512,"SCE","2024-07-17","model18",2024-07-17 05:00:00
"GLMNET",16721.0898228893,15608.6897621688,17833.4898836097,"SCE","2024-07-17","model18",2024-07-17 06:00:00
"GLMNET",15705.6343831209,14593.2343224004,16818.0344438413,"SCE","2024-07-17","model18",2024-07-17 07:00:00
"GLMNET",14622.4021219642,13510.0020612437,15734.8021826846,"SCE","2024-07-17","model18",2024-07-17 08:00:00
"GLMNET",13499.1068387872,12386.7067780667,14611.5068995076,"SCE","2024-07-17","model18",2024-07-17 09:00:00
"GLMNET",12754.6905906946,11642.2905299741,13867.090651415,"SCE","2024-07-17","model18",2024-07-17 10:00:00
"GLMNET",12326.8577925612,11214.4577318407,13439.2578532816,"SCE","2024-07-17","model18",2024-07-17 11:00:00
"GLMNET",12043.7006322117,10931.3005714912,13156.1006929321,"SCE","2024-07-17","model18",2024-07-17 12:00:00
"GLMNET",11843.5392855603,10731.1392248398,12955.9393462807,"SCE","2024-07-17","model18",2024-07-17 13:00:00
"GLMNET",12059.951554549,10947.5514938285,13172.3516152694,"SCE","2024-07-17","model18",2024-07-17 14:00:00
"GLMNET",12530.7241740215,11418.324113301,13643.1242347419,"SCE","2024-07-17","model18",2024-07-17 15:00:00
"GLMNET",13611.1593945607,12498.7593338402,14723.5594552811,"SCE","2024-07-17","model18",2024-07-17 16:00:00
"GLMNET",15281.366389263,14168.9663285425,16393.7664499834,"SCE","2024-07-17","model18",2024-07-17 17:00:00
"GLMNET",16333.2116747865,15220.811614066,17445.6117355069,"SCE","2024-07-17","model18",2024-07-17 18:00:00
"GLMNET",16961.4518060806,15849.0517453602,18073.8518668011,"SCE","2024-07-17","model18",2024-07-17 19:00:00
"GLMNET",17007.7564146669,15895.3563539464,18120.1564753873,"SCE","2024-07-17","model18",2024-07-17 20:00:00
"GLMNET",17268.7949318519,16156.3948711315,18381.1949925724,"SCE","2024-07-17","model18",2024-07-17 21:00:00
"GLMNET",17131.2803185173,16018.8802577969,18243.6803792378,"SCE","2024-07-17","model18",2024-07-17 22:00:00
"GLMNET",17160.8038885306,16048.4038278102,18273.2039492511,"SCE","2024-07-17","model18",2024-07-17 23:00:00
"LM",2094.36658927785,1817.20085701115,2371.53232154455,"SDGE","2024-07-17","model7",2024-07-17
"LM",2364.08973844899,2086.92400618229,2641.25547071569,"SDGE","2024-07-17","model7",2024-07-17 01:00:00
"LM",2694.9408317294,2417.7750994627,2972.1065639961,"SDGE","2024-07-17","model7",2024-07-17 02:00:00
"LM",2975.86516681906,2698.69943455236,3253.03089908576,"SDGE","2024-07-17","model7",2024-07-17 03:00:00
"LM",3073.90633194095,2796.74059967425,3351.07206420765,"SDGE","2024-07-17","model7",2024-07-17 04:00:00
"LM",3066.99684663072,2789.83111436402,3344.16257889742,"SDGE","2024-07-17","model7",2024-07-17 05:00:00
"LM",2982.13815207586,2704.97241980916,3259.30388434256,"SDGE","2024-07-17","model7",2024-07-17 06:00:00
"LM",2795.64208342323,2518.47635115654,3072.80781568993,"SDGE","2024-07-17","model7",2024-07-17 07:00:00
"LM",2656.77373683143,2379.60800456473,2933.93946909813,"SDGE","2024-07-17","model7",2024-07-17 08:00:00
"LM",2669.56289139467,2392.39715912797,2946.72862366137,"SDGE","2024-07-17","model7",2024-07-17 09:00:00
"LM",2494.9688553097,2217.803123043,2772.1345875764,"SDGE","2024-07-17","model7",2024-07-17 10:00:00
"LM",2382.0098734072,2104.84414114051,2659.1756056739,"SDGE","2024-07-17","model7",2024-07-17 11:00:00
"LM",2311.04982479359,2033.88409252689,2588.21555706028,"SDGE","2024-07-17","model7",2024-07-17 12:00:00
"LM",2275.00846901522,1997.84273674852,2552.17420128192,"SDGE","2024-07-17","model7",2024-07-17 13:00:00
"LM",2297.70107913613,2020.53534686943,2574.86681140283,"SDGE","2024-07-17","model7",2024-07-17 14:00:00
"LM",2356.25830244626,2079.09257017956,2633.42403471296,"SDGE","2024-07-17","model7",2024-07-17 15:00:00
"LM",2479.35821625742,2202.19248399072,2756.52394852412,"SDGE","2024-07-17","model7",2024-07-17 16:00:00
"LM",2502.80915513039,2225.64342286369,2779.97488739709,"SDGE","2024-07-17","model7",2024-07-17 17:00:00
"LM",2326.52254587723,2049.35681361054,2603.68827814393,"SDGE","2024-07-17","model7",2024-07-17 18:00:00
"LM",1989.60138326182,1712.43565099512,2266.76711552852,"SDGE","2024-07-17","model7",2024-07-17 19:00:00
"LM",1801.06089650444,1523.89516423774,2078.22662877114,"SDGE","2024-07-17","model7",2024-07-17 20:00:00
"LM",1718.15874028007,1440.99300801337,1995.32447254677,"SDGE","2024-07-17","model7",2024-07-17 21:00:00
"LM",1768.83623045313,1491.67049818643,2046.00196271983,"SDGE","2024-07-17","model7",2024-07-17 22:00:00
"LM",1861.59710420425,1584.43137193755,2138.76283647095,"SDGE","2024-07-17","model7",2024-07-17 23:00:00
"LM",130.497745319449,105.933449194782,155.062041444116,"VEA","2024-07-17","model5",2024-07-17
"LM",151.156906256962,126.592610132294,175.721202381629,"VEA","2024-07-17","model5",2024-07-17 01:00:00
"LM",135.906013249176,111.341717124508,160.470309373843,"VEA","2024-07-17","model5",2024-07-17 02:00:00
"LM",135.730663130497,111.166367005829,160.294959255164,"VEA","2024-07-17","model5",2024-07-17 03:00:00
"LM",123.493338702967,98.9290425782993,148.057634827634,"VEA","2024-07-17","model5",2024-07-17 04:00:00
"LM",115.629599380583,91.0653032559154,140.19389550525,"VEA","2024-07-17","model5",2024-07-17 05:00:00
"LM",105.332724063038,80.7684279383707,129.897020187705,"VEA","2024-07-17","model5",2024-07-17 06:00:00
"LM",96.055224410126,71.4909282854588,120.619520534793,"VEA","2024-07-17","model5",2024-07-17 07:00:00
"LM",88.5843256409472,64.02002951628,113.148621765614,"VEA","2024-07-17","model5",2024-07-17 08:00:00
"LM",82.7248595201091,58.1605633954418,107.289155644776,"VEA","2024-07-17","model5",2024-07-17 09:00:00
"LM",77.3541629356846,52.7898668110174,101.918459060352,"VEA","2024-07-17","model5",2024-07-17 10:00:00
"LM",74.6966764414786,50.1323803168113,99.2609725661458,"VEA","2024-07-17","model5",2024-07-17 11:00:00
"LM",72.4958966710816,47.9316005464143,97.0601927957488,"VEA","2024-07-17","model5",2024-07-17 12:00:00
"LM",72.1537763671379,47.5894802424706,96.7180724918051,"VEA","2024-07-17","model5",2024-07-17 13:00:00
"LM",73.0721646280425,48.5078685033753,97.6364607527098,"VEA","2024-07-17","model5",2024-07-17 14:00:00
"LM",75.4865834776766,50.9222873530093,100.050879602344,"VEA","2024-07-17","model5",2024-07-17 15:00:00
"LM",154.176462223963,129.612166099296,178.74075834863,"VEA","2024-07-17","model5",2024-07-17 16:00:00
"LM",169.517327873515,144.953031748848,194.081623998182,"VEA","2024-07-17","model5",2024-07-17 17:00:00
"LM",182.684376366627,158.12008024196,207.248672491295,"VEA","2024-07-17","model5",2024-07-17 18:00:00
"LM",186.703791150298,162.139495025631,211.268087274965,"VEA","2024-07-17","model5",2024-07-17 19:00:00
"LM",181.294741924042,156.730445799375,205.85903804871,"VEA","2024-07-17","model5",2024-07-17 20:00:00
"LM",146.204292282608,121.639996157941,170.768588407276,"VEA","2024-07-17","model5",2024-07-17 21:00:00
"LM",154.016393308887,129.45209718422,178.580689433554,"VEA","2024-07-17","model5",2024-07-17 22:00:00
"LM",138.90282430521,114.338528180543,163.467120429878,"VEA","2024-07-17","model5",2024-07-17 23:00:00
